Workbook

Sheet Diagnostic S0
A1: Diagnostic S0 - AI Fluency | Autoevaluare capabilitati Claude Code
A2: Scala: 0 = n-am auzit / n-am folosit | 1 = am folosit ocazional | 2 = folosesc curent si constient
A3: # | B3: Capabilitate | C3: Intrebare | D3: Irina Nedelcu | E3: Alex Ilie | F3: Adriana Munteanu | G3: Marieta Pirvu | H3: Jan Danila | I3: TOTAL
A4: #1 | B4: Plan mode | C4: Folosesti modul de planificare inainte de executie, sau mergi direct? | I4: =SUM(D4:H4)
A5: #2 | B5: Gestiunea contextului | C5: /clear, compaction, tii sesiunile curate constient? | I5: =SUM(D5:H5)
A6: #3 | B6: Alegerea model / effort | C6: Schimbi constient modelul sau nivelul de effort dupa tipul task-ului? | I6: =SUM(D6:H6)
A7: #4 | B7: CLAUDE.md | C7: Ai un fisier de "constitutie" in repo-urile tale? | I7: =SUM(D7:H7)
A8: #5 | B8: Slash commands / skills | C8: Ai comenzi custom proprii? | I8: =SUM(D8:H8)
A9: #6 | B9: Subagents | C9: Ai folosit sau definit vreun subagent? | I9: =SUM(D9:H9)
A10: #7 | B10: Hooks | C10: Ai configurat vreun hook determinist? | I10: =SUM(D10:H10)
A11: #8 | B11: MCP | C11: Ai conectat vreun server MCP (extern sau intern)? | I11: =SUM(D11:H11)
A12: #9 | B12: Permisiuni | C12: Stii diferenta allow/ask/deny si riscul lui --dangerously-skip-permissions? | I12: =SUM(D12:H12)
A13: MEDIE PE COLEG | D13: =IFERROR(AVERAGE(D4:D12),"") | E13: =IFERROR(AVERAGE(E4:E12),"") | F13: =IFERROR(AVERAGE(F4:F12),"") | G13: =IFERROR(AVERAGE(G4:G12),"") | H13: =IFERROR(AVERAGE(H4:H12),"") | I13: =SUM(I4:I12)
A14: Interpretare: Medie >= 1,5 pe #1-#4 → comprima S1-S3 | Scoruri mari doar la cateva persoane → candidati prezentator rotativ | Mult 0 pe #5-#9 → pastreaza Faza 2-3 integral

Sheet Concluzii
A1: Concluzii diagnostice S0 — text generat automat din scoruri
A2: Completati scorurile in sheet-ul "Diagnostic S0", apoi reveniti aici — textul se actualizeaza singur.
A4: Indicatori cheie (se calculeaza automat)
B5: Media echipei — Faza 1 (cap. #1-#4) | C5: =AVERAGE('Diagnostic S0'!D4:'Diagnostic S0'!H7)
B6: Media echipei — Faza 2/3 (cap. #5-#9) | C6: =AVERAGE('Diagnostic S0'!D8:'Diagnostic S0'!H12)
A8: Decizia de comprimare S1-S3
B9: Text de citit echipei | C9: =IF(AVERAGE('Diagnostic S0'!D4:'Diagnostic S0'!H7)>=1.5,"[VARIANTA A — COMPRIMARE] S1-S3 le comprimam, punem mai mult timp in Faza 2 si 3 unde e valoarea reala pentru echipa.","[VARIANTA B — INTEGRAL] Mergem integral pe Faza 1 — e exact ce trebuie.")
A11: Candidati prezentatori rotativi (scoruri mari la #5-#9)
B12: Irina Nedelcu | C12: =IF(MAX('Diagnostic S0'!D8:'Diagnostic S0'!D12)>=2,"Irina Nedelcu — CANDIDAT (are 2 pe cel putin o capabilitate avansata)",IF(AVERAGE('Diagnostic S0'!D8:'Diagnostic S0'!D12)>=1,"Irina Nedelcu — potential (medie avansata >= 1)","Irina Nedelcu — nu inca"))
B13: Alex Ilie | C13: =IF(MAX('Diagnostic S0'!E8:'Diagnostic S0'!E12)>=2,"Alex Ilie — CANDIDAT (are 2 pe cel putin o capabilitate avansata)",IF(AVERAGE('Diagnostic S0'!E8:'Diagnostic S0'!E12)>=1,"Alex Ilie — potential (medie avansata >= 1)","Alex Ilie — nu inca"))
B14: Adriana Munteanu | C14: =IF(MAX('Diagnostic S0'!F8:'Diagnostic S0'!F12)>=2,"Adriana Munteanu — CANDIDAT (are 2 pe cel putin o capabilitate avansata)",IF(AVERAGE('Diagnostic S0'!F8:'Diagnostic S0'!F12)>=1,"Adriana Munteanu — potential (medie avansata >= 1)","Adriana Munteanu — nu inca"))
B15: Marieta Pirvu | C15: =IF(MAX('Diagnostic S0'!G8:'Diagnostic S0'!G12)>=2,"Marieta Pirvu — CANDIDAT (are 2 pe cel putin o capabilitate avansata)",IF(AVERAGE('Diagnostic S0'!G8:'Diagnostic S0'!G12)>=1,"Marieta Pirvu — potential (medie avansata >= 1)","Marieta Pirvu — nu inca"))
B16: Jan Danila | C16: =IF(MAX('Diagnostic S0'!H8:'Diagnostic S0'!H12)>=2,"Jan Danila — CANDIDAT (are 2 pe cel putin o capabilitate avansata)",IF(AVERAGE('Diagnostic S0'!H8:'Diagnostic S0'!H12)>=1,"Jan Danila — potential (medie avansata >= 1)","Jan Danila — nu inca"))
A18: Textul COMPLET de citit in sesiune (copie direct)
B19: ="Pe baza a ce vad, iata cum mergem: "&CHAR(10)&CHAR(10)&IF(AVERAGE('Diagnostic S0'!D4:'Diagnostic S0'!H7)>=1.5,"S1-S3 le comprimam, punem mai mult timp in Faza 2 si 3 unde e valoarea reala pentru echipa.","Mergem integral pe Faza 1 — e exact ce trebuie.")&CHAR(10)&CHAR(10)&"Cei cu scoruri mari pe #5-#9 — voi intrati mai devreme ca prezentatori rotativi; aveti ceva de aratat celorlalti."&CHAR(10)&IF(MAX('Diagnostic S0'!D8:'Diagnostic S0'!H12)>=2,"Candidati imediat: "&IF(MAX('Diagnostic S0'!D8:'Diagnostic S0'!D12)>=2,"Irina Nedelcu, ","")&IF(MAX('Diagnostic S0'!E8:'Diagnostic S0'!E12)>=2,"Alex Ilie, ","")&IF(MAX('Diagnostic S0'!F8:'Diagnostic S0'!F12)>=2,"Adriana Munteanu, ","")&IF(MAX('Diagnostic S0'!G8:'Diagnostic S0'!G12)>=2,"Marieta Pirvu, ","")&IF(MAX('Diagnostic S0'!H8:'Diagnostic S0'!H12)>=2,"Jan Danila",""),"(niciun candidat imediat — toti incep rotativul din S4 conform planului)")
